{"cameraMode":{"drawMode":0,"name":"Shaded","section":"Shading Mode"},"sceneLighting":true,"audioPlay":false,"sceneViewState":{"showFog":true,"showMaterialUpdate":false,"showSkybox":true,"showFlares":true,"showImageEffects":true,"showParticleSystems":true},"in2DMode":false,"pivot":{"x":-5.092081546783447,"y":4.979304313659668,"z":4.337025165557861},"rotation":{"x":0.16122864186763764,"y":-0.29522576928138735,"z":0.050615642219781879,"w":0.9403771162033081},"size":23.149932861328126,"orthographic":false}