{"cameraMode":{"drawMode":0,"name":"Shaded","section":"Shading Mode"},"sceneLighting":true,"audioPlay":false,"sceneViewState":{"showFog":true,"showMaterialUpdate":false,"showSkybox":true,"showFlares":true,"showImageEffects":true,"showParticleSystems":true},"in2DMode":false,"pivot":{"x":-41.08317947387695,"y":-8.527345657348633,"z":25.298246383666993},"rotation":{"x":0.11825921386480332,"y":-0.4901087284088135,"z":0.06731783598661423,"w":0.8609778881072998},"size":49.40914535522461,"orthographic":false}