{"cameraMode":{"drawMode":0,"name":"Shaded","section":"Shading Mode"},"sceneLighting":true,"audioPlay":false,"sceneViewState":{"showFog":true,"showMaterialUpdate":false,"showSkybox":true,"showFlares":true,"showImageEffects":true,"showParticleSystems":true},"in2DMode":false,"pivot":{"x":-3.7675321102142336,"y":7.679242134094238,"z":-0.9134793281555176},"rotation":{"x":-0.029013412073254586,"y":-0.696925699710846,"z":-0.028241556137800218,"w":0.7160017490386963},"size":6.146042346954346,"orthographic":false}