{"cameraMode":{"drawMode":0,"name":"Shaded","section":"Shading Mode"},"sceneLighting":true,"audioPlay":false,"sceneViewState":{"showFog":true,"showMaterialUpdate":false,"showSkybox":true,"showFlares":true,"showImageEffects":true,"showParticleSystems":true},"in2DMode":false,"pivot":{"x":-4.062957763671875,"y":6.970973968505859,"z":-4.266109943389893},"rotation":{"x":0.03970551863312721,"y":-0.7087364196777344,"z":0.04001366347074509,"w":0.7032281756401062},"size":12.238313674926758,"orthographic":false}