{"cameraMode":{"drawMode":0,"name":"Shaded","section":"Shading Mode"},"sceneLighting":true,"audioPlay":false,"sceneViewState":{"showFog":true,"showMaterialUpdate":false,"showSkybox":true,"showFlares":true,"showImageEffects":true,"showParticleSystems":true},"in2DMode":false,"pivot":{"x":-0.3952651917934418,"y":1.1025309562683106,"z":6.820080757141113},"rotation":{"x":0.2183954268693924,"y":0.32678431272506716,"z":-0.07789429277181626,"w":0.9162155389785767},"size":7.394310474395752,"orthographic":false}