{"cameraMode":{"drawMode":0,"name":"Shaded","section":"Shading Mode"},"sceneLighting":true,"audioPlay":false,"sceneViewState":{"showFog":true,"showMaterialUpdate":false,"showSkybox":true,"showFlares":true,"showImageEffects":true,"showParticleSystems":true},"in2DMode":false,"pivot":{"x":-3.4821550846099855,"y":4.068925380706787,"z":-11.223396301269532},"rotation":{"x":0.17397816479206086,"y":-0.3073829710483551,"z":0.05727727338671684,"w":0.9338178038597107},"size":8.844554901123047,"orthographic":false}